Cluster,Search UV,PDP UV,A2C_UV,Order_UV,GMV,ASP,ARPU,Found Number,E. Items,PDP % of searches,A2C % of searches,ORDER % of searches
Digital Goods,8284.0,4742.0,3181.0,2413.0,371.66999999999996,51.78999999999999,53.87,3401842.0,5689.0,1109.38,588.29,376.53999999999996
EL,232796.0,104186.0,29775.0,9060.0,845357.4300000005,54259.39000000004,70718.17000000011,273922348.0,370056.0,29962.44999999997,8521.53000000001,2646.0100000000007
FMCG,156919.0,72820.0,29154.0,11624.0,107042.86999999995,2913.280000000001,4002.250000000003,80639273.0,275177.0,23663.249999999985,9366.789999999994,3655.6900000000014
Fashion,196500.0,81807.0,16382.0,5141.0,33342.659999999996,3301.77,3995.9699999999975,192239045.0,425914.0,23629.11,4743.590000000004,1543.8100000000013
GM,153962.0,69865.0,20894.0,8531.0,101148.87000000005,13169.950000000008,16817.21000000001,135452124.0,358539.0,23541.209999999985,6790.880000000002,2572.3599999999983
Others,1203.0,541.0,116.0,26.0,4385.35,566.2900000000001,572.71,40363.0,2651.0,267.48999999999995,56.21,12.7
