LV1,Search UV,PDP UV,A2C_UV,Order_UV,GMV,ASP,ARPU,Found Number,E. Items,PDP % of searches,A2C % of searches,ORDER % of searches
Fashion,123925.0,49541.0,8448.0,2622.0,19740.759999999966,2245.5500000000006,2757.1,105819337.0,253734.0,14218.440000000006,2345.2599999999975,737.5900000000007
Watches Sunglasses Jewellery,50124.0,22071.0,5802.0,1782.0,8937.580000000002,671.11,799.5300000000001,71332351.0,116748.0,6456.000000000003,1727.1100000000004,550.2499999999999
Bags and Travel,22451.0,10195.0,2132.0,737.0,4664.319999999998,385.10999999999996,439.34,15087357.0,55432.0,2954.6699999999996,671.2200000000003,255.97000000000003
