LV1,Search UV,PDP UV,A2C_UV,Order_UV,GMV,ASP,ARPU,Found Number,E. Items,PDP % of searches,A2C % of searches,ORDER % of searches
Digital Goods,8284.0,4742.0,3181.0,2413.0,371.66999999999996,51.78999999999999,53.87,3401842.0,5689.0,1109.38,588.29,376.53999999999996
