LV1,Search UV,PDP UV,A2C_UV,Order_UV,GMV,ASP,ARPU,Found Number,E. Items,PDP % of searches,A2C % of searches,ORDER % of searches
Mobiles & Tablets,94596.0,38358.0,10395.0,2615.0,586913.91,30321.370000000014,42517.24000000001,208325066.0,116306.0,11126.42,3093.4800000000005,818.29
"TV, Audio / Video, Gaming & Wearables",74464.0,35083.0,10966.0,3669.0,68615.45999999999,7211.629999999998,8483.460000000001,34370311.0,132559.0,8993.890000000001,2872.1400000000026,1004.08
Home Appliances,40636.0,20501.0,5628.0,1963.0,177704.34999999995,12533.280000000002,14686.100000000006,9375354.0,77667.0,6061.1399999999985,1564.9599999999998,539.4999999999998
Computers & Laptops,16002.0,7123.0,1878.0,507.0,9508.68,3935.740000000001,4684.070000000001,14837240.0,31181.0,2640.3,673.08,179.03000000000011
Cameras,7098.0,3121.0,908.0,306.0,2615.0299999999997,257.37,347.30000000000007,7014377.0,12343.0,1140.7000000000003,317.87000000000006,105.11000000000001
