LV1,Search UV,PDP UV,A2C_UV,Order_UV,GMV,ASP,ARPU,Found Number,E. Items,PDP % of searches,A2C % of searches,ORDER % of searches
Health & Beauty,116013.0,53065.0,19581.0,7583.0,39221.16999999998,1463.2000000000012,1788.8000000000002,64833205.0,209884.0,16964.569999999996,6322.830000000003,2469.270000000001
Groceries,28845.0,15011.0,7980.0,3403.0,55886.40999999999,1003.99,1558.5200000000002,8823141.0,39054.0,4644.8099999999995,2367.390000000001,922.93
Mother & Baby,10157.0,3940.0,1277.0,471.0,10901.060000000003,417.0799999999999,623.1899999999998,6013403.0,22662.0,1735.55,558.8599999999999,202.0
Pet Supplies,1904.0,804.0,316.0,167.0,1034.23,29.009999999999998,31.739999999999995,969524.0,3577.0,318.32,117.71000000000001,61.49
